file,original_resolution,output_256,output_512,status
001_owl-50267_1280.jpg,1280x961,./output\input_raster_256x256\001_owl-50267_1280_256.png,./output\input_raster_512x512\001_owl-50267_1280_512.png,success
003_parrot-3601194_640.jpg,640x427,./output\input_raster_256x256\003_parrot-3601194_640_256.png,./output\input_raster_512x512\003_parrot-3601194_640_512.png,success
005_bird-1045954_640.jpg,640x426,./output\input_raster_256x256\005_bird-1045954_640_256.png,./output\input_raster_512x512\005_bird-1045954_640_512.png,success
004_kingfisher-2046453_640.jpg,640x427,./output\input_raster_256x256\004_kingfisher-2046453_640_256.png,./output\input_raster_512x512\004_kingfisher-2046453_640_512.png,success
006_bird-1905255_640.jpg,640x427,./output\input_raster_256x256\006_bird-1905255_640_256.png,./output\input_raster_512x512\006_bird-1905255_640_512.png,success
009_swan-16736_640.jpg,640x427,./output\input_raster_256x256\009_swan-16736_640_256.png,./output\input_raster_512x512\009_swan-16736_640_512.png,success
007_bird-2295436_640.jpg,640x427,./output\input_raster_256x256\007_bird-2295436_640_256.png,./output\input_raster_512x512\007_bird-2295436_640_512.png,success
013_swan-2077219_640.jpg,640x427,./output\input_raster_256x256\013_swan-2077219_640_256.png,./output\input_raster_512x512\013_swan-2077219_640_512.png,success
012_spring-bird-2295434_640.jpg,640x427,./output\input_raster_256x256\012_spring-bird-2295434_640_256.png,./output\input_raster_512x512\012_spring-bird-2295434_640_512.png,success
002_hummingbird-1854225_640.jpg,640x459,./output\input_raster_256x256\002_hummingbird-1854225_640_256.png,./output\input_raster_512x512\002_hummingbird-1854225_640_512.png,success
011_swan-2350668_640.jpg,640x394,./output\input_raster_256x256\011_swan-2350668_640_256.png,./output\input_raster_512x512\011_swan-2350668_640_512.png,success
016_bird-2295431_640.jpg,640x427,./output\input_raster_256x256\016_bird-2295431_640_256.png,./output\input_raster_512x512\016_bird-2295431_640_512.png,success
015_owl-1834152_640.jpg,640x427,./output\input_raster_256x256\015_owl-1834152_640_256.png,./output\input_raster_512x512\015_owl-1834152_640_512.png,success
014_bird-9950_640.jpg,640x400,./output\input_raster_256x256\014_bird-9950_640_256.png,./output\input_raster_512x512\014_bird-9950_640_512.png,success
019_parrot-2756488_640.jpg,640x427,./output\input_raster_256x256\019_parrot-2756488_640_256.png,./output\input_raster_512x512\019_parrot-2756488_640_512.png,success
024_owl-1576572_640.jpg,640x427,./output\input_raster_256x256\024_owl-1576572_640_256.png,./output\input_raster_512x512\024_owl-1576572_640_512.png,success
020_beach-1852945_640.jpg,640x426,./output\input_raster_256x256\020_beach-1852945_640_256.png,./output\input_raster_512x512\020_beach-1852945_640_512.png,success
017_hummingbird-2139279_640.jpg,640x422,./output\input_raster_256x256\017_hummingbird-2139279_640_256.png,./output\input_raster_512x512\017_hummingbird-2139279_640_512.png,success
018_jay-548381_640.jpg,640x427,./output\input_raster_256x256\018_jay-548381_640_256.png,./output\input_raster_512x512\018_jay-548381_640_512.png,success
029_kingfisher-3159334_640.jpg,640x427,./output\input_raster_256x256\029_kingfisher-3159334_640_256.png,./output\input_raster_512x512\029_kingfisher-3159334_640_512.png,success
022_hummingbird-1823829_640.jpg,441x640,./output\input_raster_256x256\022_hummingbird-1823829_640_256.png,./output\input_raster_512x512\022_hummingbird-1823829_640_512.png,success
023_kingfisher-1068684_640.jpg,640x640,./output\input_raster_256x256\023_kingfisher-1068684_640_256.png,./output\input_raster_512x512\023_kingfisher-1068684_640_512.png,success
026_bird-349026_640.jpg,640x427,./output\input_raster_256x256\026_bird-349026_640_256.png,./output\input_raster_512x512\026_bird-349026_640_512.png,success
036_bald-eagle-2715461_640.jpg,640x480,./output\input_raster_256x256\036_bald-eagle-2715461_640_256.png,./output\input_raster_512x512\036_bald-eagle-2715461_640_512.png,success
037_bird-3732867_640.jpg,640x426,./output\input_raster_256x256\037_bird-3732867_640_256.png,./output\input_raster_512x512\037_bird-3732867_640_512.png,success
027_bird-386725_640.jpg,580x640,./output\input_raster_256x256\027_bird-386725_640_256.png,./output\input_raster_512x512\027_bird-386725_640_512.png,success
032_grey-crowned-cranes-540657_640.jpg,640x428,./output\input_raster_256x256\032_grey-crowned-cranes-540657_640_256.png,./output\input_raster_512x512\032_grey-crowned-cranes-540657_640_512.png,success
031_swan-4013225_640.jpg,640x457,./output\input_raster_256x256\031_swan-4013225_640_256.png,./output\input_raster_512x512\031_swan-4013225_640_512.png,success
030_kingfisher-2363879_640.jpg,640x427,./output\input_raster_256x256\030_kingfisher-2363879_640_256.png,./output\input_raster_512x512\030_kingfisher-2363879_640_512.png,success
041_owl-3184032_640.jpg,640x469,./output\input_raster_256x256\041_owl-3184032_640_256.png,./output\input_raster_512x512\041_owl-3184032_640_512.png,success
038_flowers-1835619_640.jpg,640x426,./output\input_raster_256x256\038_flowers-1835619_640_256.png,./output\input_raster_512x512\038_flowers-1835619_640_512.png,success
043_peafowl-816981_640.jpg,431x640,./output\input_raster_256x256\043_peafowl-816981_640_256.png,./output\input_raster_512x512\043_peafowl-816981_640_512.png,success
039_barn-owl-2988291_640.jpg,640x427,./output\input_raster_256x256\039_barn-owl-2988291_640_256.png,./output\input_raster_512x512\039_barn-owl-2988291_640_512.png,success
042_bird-341898_640.jpg,640x425,./output\input_raster_256x256\042_bird-341898_640_256.png,./output\input_raster_512x512\042_bird-341898_640_512.png,success
052_peacock-feathers-3013486_640.jpg,640x427,./output\input_raster_256x256\052_peacock-feathers-3013486_640_256.png,./output\input_raster_512x512\052_peacock-feathers-3013486_640_512.png,success
044_owl-1845060_640.jpg,640x427,./output\input_raster_256x256\044_owl-1845060_640_256.png,./output\input_raster_512x512\044_owl-1845060_640_512.png,success
046_cardinal-1884283_640.jpg,640x426,./output\input_raster_256x256\046_cardinal-1884283_640_256.png,./output\input_raster_512x512\046_cardinal-1884283_640_512.png,success
045_seagulls-815304_640.jpg,640x427,./output\input_raster_256x256\045_seagulls-815304_640_256.png,./output\input_raster_512x512\045_seagulls-815304_640_512.png,success
053_seagull-3465550_640.jpg,640x440,./output\input_raster_256x256\053_seagull-3465550_640_256.png,./output\input_raster_512x512\053_seagull-3465550_640_512.png,success
050_sparrows-3434123_640.jpg,640x427,./output\input_raster_256x256\050_sparrows-3434123_640_256.png,./output\input_raster_512x512\050_sparrows-3434123_640_512.png,success
047_winter-843578_640.jpg,640x452,./output\input_raster_256x256\047_winter-843578_640_256.png,./output\input_raster_512x512\047_winter-843578_640_512.png,success
054_hummingbird-5255827_640.jpg,640x414,./output\input_raster_256x256\054_hummingbird-5255827_640_256.png,./output\input_raster_512x512\054_hummingbird-5255827_640_512.png,success
055_gull-192909_640.jpg,640x427,./output\input_raster_256x256\055_gull-192909_640_256.png,./output\input_raster_512x512\055_gull-192909_640_512.png,success
059_bird-3743094_640.jpg,640x423,./output\input_raster_256x256\059_bird-3743094_640_256.png,./output\input_raster_512x512\059_bird-3743094_640_512.png,success
063_peacock-3617474_640.jpg,640x422,./output\input_raster_256x256\063_peacock-3617474_640_256.png,./output\input_raster_512x512\063_peacock-3617474_640_512.png,success
057_beach-832346_640.jpg,640x430,./output\input_raster_256x256\057_beach-832346_640_256.png,./output\input_raster_512x512\057_beach-832346_640_512.png,success
067_plumage-176723_640.jpg,640x459,./output\input_raster_256x256\067_plumage-176723_640_256.png,./output\input_raster_512x512\067_plumage-176723_640_512.png,success
058_eagle-1072696_640.jpg,640x441,./output\input_raster_256x256\058_eagle-1072696_640_256.png,./output\input_raster_512x512\058_eagle-1072696_640_512.png,success
056_chaffinch-1420407_640.jpg,640x427,./output\input_raster_256x256\056_chaffinch-1420407_640_256.png,./output\input_raster_512x512\056_chaffinch-1420407_640_512.png,success
065_eagle-1753002_640.jpg,640x427,./output\input_raster_256x256\065_eagle-1753002_640_256.png,./output\input_raster_512x512\065_eagle-1753002_640_512.png,success
066_bird-2823767_640.jpg,640x427,./output\input_raster_256x256\066_bird-2823767_640_256.png,./output\input_raster_512x512\066_bird-2823767_640_512.png,success
069_halcyon-1352522_640.jpg,640x424,./output\input_raster_256x256\069_halcyon-1352522_640_256.png,./output\input_raster_512x512\069_halcyon-1352522_640_512.png,success
062_bird-4051412_640.jpg,427x640,./output\input_raster_256x256\062_bird-4051412_640_256.png,./output\input_raster_512x512\062_bird-4051412_640_512.png,success
071_rooster-1867562_640.jpg,640x427,./output\input_raster_256x256\071_rooster-1867562_640_256.png,./output\input_raster_512x512\071_rooster-1867562_640_512.png,success
074_swan-122983_640.jpg,640x427,./output\input_raster_256x256\074_swan-122983_640_256.png,./output\input_raster_512x512\074_swan-122983_640_512.png,success
072_parrots-3427188_640.jpg,640x427,./output\input_raster_256x256\072_parrots-3427188_640_256.png,./output\input_raster_512x512\072_parrots-3427188_640_512.png,success
080_victoria-crowned-pigeon-4486154_640.jpg,457x640,./output\input_raster_256x256\080_victoria-crowned-pigeon-4486154_640_256.png,./output\input_raster_512x512\080_victoria-crowned-pigeon-4486154_640_512.png,success
081_eagle-2045655_640.jpg,545x640,./output\input_raster_256x256\081_eagle-2045655_640_256.png,./output\input_raster_512x512\081_eagle-2045655_640_512.png,success
076_duckling-3524213_640.jpg,640x427,./output\input_raster_256x256\076_duckling-3524213_640_256.png,./output\input_raster_512x512\076_duckling-3524213_640_512.png,success
082_kingfisher-1850226_640.jpg,640x457,./output\input_raster_256x256\082_kingfisher-1850226_640_256.png,./output\input_raster_512x512\082_kingfisher-1850226_640_512.png,success
089_robin-8446944_640.jpg,640x426,./output\input_raster_256x256\089_robin-8446944_640_256.png,./output\input_raster_512x512\089_robin-8446944_640_512.png,success
092_peafowl-2363750_640.jpg,640x424,./output\input_raster_256x256\092_peafowl-2363750_640_256.png,./output\input_raster_512x512\092_peafowl-2363750_640_512.png,success
085_gulls-370012_640.jpg,640x425,./output\input_raster_256x256\085_gulls-370012_640_256.png,./output\input_raster_512x512\085_gulls-370012_640_512.png,success
090_bird-3183441_640.jpg,640x427,./output\input_raster_256x256\090_bird-3183441_640_256.png,./output\input_raster_512x512\090_bird-3183441_640_512.png,success
087_owl-3649048_640.jpg,640x427,./output\input_raster_256x256\087_owl-3649048_640_256.png,./output\input_raster_512x512\087_owl-3649048_640_512.png,success
083_hummingbird-5111260_640.jpg,520x640,./output\input_raster_256x256\083_hummingbird-5111260_640_256.png,./output\input_raster_512x512\083_hummingbird-5111260_640_512.png,success
106_bird-3732867_1280.jpg,1280x852,./output\input_raster_256x256\106_bird-3732867_1280_256.png,./output\input_raster_512x512\106_bird-3732867_1280_512.png,success
098_dove-2516641_1280.jpg,1280x710,./output\input_raster_256x256\098_dove-2516641_1280_256.png,./output\input_raster_512x512\098_dove-2516641_1280_512.png,success
105_bird-349026_1280.jpg,1280x853,./output\input_raster_256x256\105_bird-349026_1280_256.png,./output\input_raster_512x512\105_bird-349026_1280_512.png,success
104_kingfisher-1068684_1280.jpg,1280x1280,./output\input_raster_256x256\104_kingfisher-1068684_1280_256.png,./output\input_raster_512x512\104_kingfisher-1068684_1280_512.png,success
091_birds-4551002_640.jpg,640x427,./output\input_raster_256x256\091_birds-4551002_640_256.png,./output\input_raster_512x512\091_birds-4551002_640_512.png,success
101_kingfisher-881594_1280.jpg,1280x720,./output\input_raster_256x256\101_kingfisher-881594_1280_256.png,./output\input_raster_512x512\101_kingfisher-881594_1280_512.png,success
112_peacock-90051_1280.jpg,1280x721,./output\input_raster_256x256\112_peacock-90051_1280_256.png,./output\input_raster_512x512\112_peacock-90051_1280_512.png,success
107_barn-owl-2988291_1280.jpg,1280x853,./output\input_raster_256x256\107_barn-owl-2988291_1280_256.png,./output\input_raster_512x512\107_barn-owl-2988291_1280_512.png,success
114_swan-3466606_1280.jpg,1280x761,./output\input_raster_256x256\114_swan-3466606_1280_256.png,./output\input_raster_512x512\114_swan-3466606_1280_512.png,success
117_plumage-176723_1280.jpg,1280x917,./output\input_raster_256x256\117_plumage-176723_1280_256.png,./output\input_raster_512x512\117_plumage-176723_1280_512.png,success
109_cardinal-1884283_1280.jpg,1280x852,./output\input_raster_256x256\109_cardinal-1884283_1280_256.png,./output\input_raster_512x512\109_cardinal-1884283_1280_512.png,success
111_beach-832346_1280.jpg,1280x859,./output\input_raster_256x256\111_beach-832346_1280_256.png,./output\input_raster_512x512\111_beach-832346_1280_512.png,success
108_kingfisher-881975_1280.jpg,1280x720,./output\input_raster_256x256\108_kingfisher-881975_1280_256.png,./output\input_raster_512x512\108_kingfisher-881975_1280_512.png,success
116_flamingo-600205_1280.jpg,1280x662,./output\input_raster_256x256\116_flamingo-600205_1280_256.png,./output\input_raster_512x512\116_flamingo-600205_1280_512.png,success
113_sparrows-3434123_1280.jpg,1280x853,./output\input_raster_256x256\113_sparrows-3434123_1280_256.png,./output\input_raster_512x512\113_sparrows-3434123_1280_512.png,success
118_victoria-crowned-pigeon-4486154_1280.jpg,914x1280,./output\input_raster_256x256\118_victoria-crowned-pigeon-4486154_1280_256.png,./output\input_raster_512x512\118_victoria-crowned-pigeon-4486154_1280_512.png,success
121_parrot-3601194_1280.jpg,1280x853,./output\input_raster_256x256\121_parrot-3601194_1280_256.png,./output\input_raster_512x512\121_parrot-3601194_1280_512.png,success
119_bird-386725_1280.jpg,1160x1280,./output\input_raster_256x256\119_bird-386725_1280_256.png,./output\input_raster_512x512\119_bird-386725_1280_512.png,success
123_swan-2350668_1280.jpg,1280x788,./output\input_raster_256x256\123_swan-2350668_1280_256.png,./output\input_raster_512x512\123_swan-2350668_1280_512.png,success
120_bird-1905255_1280.jpg,1280x853,./output\input_raster_256x256\120_bird-1905255_1280_256.png,./output\input_raster_512x512\120_bird-1905255_1280_512.png,success
124_hummingbird-1823829_1280.jpg,883x1280,./output\input_raster_256x256\124_hummingbird-1823829_1280_256.png,./output\input_raster_512x512\124_hummingbird-1823829_1280_512.png,success
125_owl-3649048_1280.jpg,1280x853,./output\input_raster_256x256\125_owl-3649048_1280_256.png,./output\input_raster_512x512\125_owl-3649048_1280_512.png,success
128_white-tailed-eagle-2015098_1280.jpg,1280x761,./output\input_raster_256x256\128_white-tailed-eagle-2015098_1280_256.png,./output\input_raster_512x512\128_white-tailed-eagle-2015098_1280_512.png,success
122_hummingbird-1854225_1280.jpg,1280x918,./output\input_raster_256x256\122_hummingbird-1854225_1280_256.png,./output\input_raster_512x512\122_hummingbird-1854225_1280_512.png,success
133_peacock-3080897_1280.jpg,1280x675,./output\input_raster_256x256\133_peacock-3080897_1280_256.png,./output\input_raster_512x512\133_peacock-3080897_1280_512.png,success
127_bird-341898_1280.jpg,1280x850,./output\input_raster_256x256\127_bird-341898_1280_256.png,./output\input_raster_512x512\127_bird-341898_1280_512.png,success
126_kingfisher-2046453_1280.jpg,1280x853,./output\input_raster_256x256\126_kingfisher-2046453_1280_256.png,./output\input_raster_512x512\126_kingfisher-2046453_1280_512.png,success
138_bird-3743094_1280.jpg,1280x845,./output\input_raster_256x256\138_bird-3743094_1280_256.png,./output\input_raster_512x512\138_bird-3743094_1280_512.png,success
136_halcyon-1352522_1280.jpg,1280x848,./output\input_raster_256x256\136_halcyon-1352522_1280_256.png,./output\input_raster_512x512\136_halcyon-1352522_1280_512.png,success
130_seagulls-815304_1280.jpg,1280x853,./output\input_raster_256x256\130_seagulls-815304_1280_256.png,./output\input_raster_512x512\130_seagulls-815304_1280_512.png,success
137_eagle-2045655_1280.jpg,1090x1280,./output\input_raster_256x256\137_eagle-2045655_1280_256.png,./output\input_raster_512x512\137_eagle-2045655_1280_512.png,success
131_hummingbird-5255827_1280.jpg,1280x828,./output\input_raster_256x256\131_hummingbird-5255827_1280_256.png,./output\input_raster_512x512\131_hummingbird-5255827_1280_512.png,success
132_chaffinch-1420407_1280.jpg,1280x853,./output\input_raster_256x256\132_chaffinch-1420407_1280_256.png,./output\input_raster_512x512\132_chaffinch-1420407_1280_512.png,success
141_swan-2077219_1280.jpg,1280x853,./output\input_raster_256x256\141_swan-2077219_1280_256.png,./output\input_raster_512x512\141_swan-2077219_1280_512.png,success
139_rooster-1867562_1280.jpg,1280x853,./output\input_raster_256x256\139_rooster-1867562_1280_256.png,./output\input_raster_512x512\139_rooster-1867562_1280_512.png,success
145_owl-1576572_1280.jpg,1280x853,./output\input_raster_256x256\145_owl-1576572_1280_256.png,./output\input_raster_512x512\145_owl-1576572_1280_512.png,success
143_spring-bird-2295434_1280.jpg,1280x853,./output\input_raster_256x256\143_spring-bird-2295434_1280_256.png,./output\input_raster_512x512\143_spring-bird-2295434_1280_512.png,success
142_barn-owl-2550068_1280.jpg,1280x720,./output\input_raster_256x256\142_barn-owl-2550068_1280_256.png,./output\input_raster_512x512\142_barn-owl-2550068_1280_512.png,success
148_robin-8446944_1280.jpg,1280x852,./output\input_raster_256x256\148_robin-8446944_1280_256.png,./output\input_raster_512x512\148_robin-8446944_1280_512.png,success
146_owl-1834152_1280.jpg,1280x853,./output\input_raster_256x256\146_owl-1834152_1280_256.png,./output\input_raster_512x512\146_owl-1834152_1280_512.png,success
140_birds-4551002_1280.jpg,1280x853,./output\input_raster_256x256\140_birds-4551002_1280_256.png,./output\input_raster_512x512\140_birds-4551002_1280_512.png,success
149_bird-9950_1280.jpg,1280x800,./output\input_raster_256x256\149_bird-9950_1280_256.png,./output\input_raster_512x512\149_bird-9950_1280_512.png,success
144_bird-1045954_1280.jpg,1280x852,./output\input_raster_256x256\144_bird-1045954_1280_256.png,./output\input_raster_512x512\144_bird-1045954_1280_512.png,success
152_kingfisher-3159334_1280.jpg,1280x853,./output\input_raster_256x256\152_kingfisher-3159334_1280_256.png,./output\input_raster_512x512\152_kingfisher-3159334_1280_512.png,success
157_peafowl-2363750_1280.jpg,1280x848,./output\input_raster_256x256\157_peafowl-2363750_1280_256.png,./output\input_raster_512x512\157_peafowl-2363750_1280_512.png,success
156_bald-eagle-2715461_1280.jpg,1280x960,./output\input_raster_256x256\156_bald-eagle-2715461_1280_256.png,./output\input_raster_512x512\156_bald-eagle-2715461_1280_512.png,success
150_grey-crowned-cranes-540657_1280.jpg,1280x856,./output\input_raster_256x256\150_grey-crowned-cranes-540657_1280_256.png,./output\input_raster_512x512\150_grey-crowned-cranes-540657_1280_512.png,success
159_peacock-3617474_1280.jpg,1280x843,./output\input_raster_256x256\159_peacock-3617474_1280_256.png,./output\input_raster_512x512\159_peacock-3617474_1280_512.png,success
154_peafowl-816981_1280.jpg,862x1280,./output\input_raster_256x256\154_peafowl-816981_1280_256.png,./output\input_raster_512x512\154_peafowl-816981_1280_512.png,success
161_red-kite-50498_1280.jpg,1280x649,./output\input_raster_256x256\161_red-kite-50498_1280_256.png,./output\input_raster_512x512\161_red-kite-50498_1280_512.png,success
158_bird-3183441_1280.jpg,1280x853,./output\input_raster_256x256\158_bird-3183441_1280_256.png,./output\input_raster_512x512\158_bird-3183441_1280_512.png,success
160_eagle-1072696_1280.jpg,1280x883,./output\input_raster_256x256\160_eagle-1072696_1280_256.png,./output\input_raster_512x512\160_eagle-1072696_1280_512.png,success
162_duckling-3524213_1280.jpg,1280x854,./output\input_raster_256x256\162_duckling-3524213_1280_256.png,./output\input_raster_512x512\162_duckling-3524213_1280_512.png,success
164_parrots-3427188_1280.jpg,1280x853,./output\input_raster_256x256\164_parrots-3427188_1280_256.png,./output\input_raster_512x512\164_parrots-3427188_1280_512.png,success
163_bird-4051412_1280.jpg,853x1280,./output\input_raster_256x256\163_bird-4051412_1280_256.png,./output\input_raster_512x512\163_bird-4051412_1280_512.png,success
165_bird-2823767_1280.jpg,1280x853,./output\input_raster_256x256\165_bird-2823767_1280_256.png,./output\input_raster_512x512\165_bird-2823767_1280_512.png,success
166_parrot-2756488_1280.jpg,1280x853,./output\input_raster_256x256\166_parrot-2756488_1280_256.png,./output\input_raster_512x512\166_parrot-2756488_1280_512.png,success
167_beach-1852945_1280.jpg,1280x852,./output\input_raster_256x256\167_beach-1852945_1280_256.png,./output\input_raster_512x512\167_beach-1852945_1280_512.png,success
172_swan-2107052_1280.jpg,1280x732,./output\input_raster_256x256\172_swan-2107052_1280_256.png,./output\input_raster_512x512\172_swan-2107052_1280_512.png,success
169_bird-2295431_1280.jpg,1280x853,./output\input_raster_256x256\169_bird-2295431_1280_256.png,./output\input_raster_512x512\169_bird-2295431_1280_512.png,success
170_flowers-1835619_1280.jpg,1280x852,./output\input_raster_256x256\170_flowers-1835619_1280_256.png,./output\input_raster_512x512\170_flowers-1835619_1280_512.png,success
168_hummingbird-2139279_1280.jpg,1280x844,./output\input_raster_256x256\168_hummingbird-2139279_1280_256.png,./output\input_raster_512x512\168_hummingbird-2139279_1280_512.png,success
171_jay-548381_1280.jpg,1280x853,./output\input_raster_256x256\171_jay-548381_1280_256.png,./output\input_raster_512x512\171_jay-548381_1280_512.png,success
181_peacock-feathers-3013486_1280.jpg,1280x854,./output\input_raster_256x256\181_peacock-feathers-3013486_1280_256.png,./output\input_raster_512x512\181_peacock-feathers-3013486_1280_512.png,success
173_swan-4013225_1280.jpg,1280x914,./output\input_raster_256x256\173_swan-4013225_1280_256.png,./output\input_raster_512x512\173_swan-4013225_1280_512.png,success
179_owl-3184032_1280.jpg,1280x938,./output\input_raster_256x256\179_owl-3184032_1280_256.png,./output\input_raster_512x512\179_owl-3184032_1280_512.png,success
176_eagle-1753002_1280.jpg,1280x854,./output\input_raster_256x256\176_eagle-1753002_1280_256.png,./output\input_raster_512x512\176_eagle-1753002_1280_512.png,success
180_owl-1845060_1280.jpg,1280x853,./output\input_raster_256x256\180_owl-1845060_1280_256.png,./output\input_raster_512x512\180_owl-1845060_1280_512.png,success
182_swan-122983_1280.jpg,1280x853,./output\input_raster_256x256\182_swan-122983_1280_256.png,./output\input_raster_512x512\182_swan-122983_1280_512.png,success
185_hummingbird-5111260_1280.jpg,1039x1280,./output\input_raster_256x256\185_hummingbird-5111260_1280_256.png,./output\input_raster_512x512\185_hummingbird-5111260_1280_512.png,success
186_gulls-370012_1280.jpg,1280x850,./output\input_raster_256x256\186_gulls-370012_1280_256.png,./output\input_raster_512x512\186_gulls-370012_1280_512.png,success
184_kingfisher-1850226_1280.jpg,1280x914,./output\input_raster_256x256\184_kingfisher-1850226_1280_256.png,./output\input_raster_512x512\184_kingfisher-1850226_1280_512.png,success
