file,status
001_owl-50267_1280_29c85089.svg,processed
002_hummingbird-1854225_640_09cb1bc6.svg,processed
003_parrot-3601194_640_0632ac75.svg,processed
004_kingfisher-2046453_640_ec2f1928.svg,processed
005_bird-1045954_640_aee054a5.svg,processed
006_bird-1905255_640_9f04a024.svg,processed
007_bird-2295436_640_b72f0848.svg,processed
009_swan-16736_640_35e1fea0.svg,processed
011_swan-2350668_640_4e8aa022.svg,processed
012_spring-bird-2295434_640_1d13493b.svg,processed
013_swan-2077219_640_5eb33162.svg,processed
014_bird-9950_640_2dd3982d.svg,processed
015_owl-1834152_640_f7b51fa0.svg,processed
016_bird-2295431_640_04a5ab05.svg,processed
017_hummingbird-2139279_640_840e0f56.svg,processed
018_jay-548381_640_48349323.svg,processed
019_parrot-2756488_640_e89fc045.svg,processed
020_beach-1852945_640_252f7a46.svg,processed
022_hummingbird-1823829_640_0d681a20.svg,processed
023_kingfisher-1068684_640_22349d27.svg,processed
024_owl-1576572_640_af3ba3e6.svg,processed
026_bird-349026_640_7a86ad6f.svg,processed
027_bird-386725_640_6112fdd8.svg,processed
029_kingfisher-3159334_640_cf8220f6.svg,processed
030_kingfisher-2363879_640_1aad888e.svg,processed
031_swan-4013225_640_02e091a2.svg,processed
032_grey-crowned-cranes-540657_640_dc5e552a.svg,processed
036_bald-eagle-2715461_640_6b928182.svg,processed
037_bird-3732867_640_9727ec8c.svg,processed
038_flowers-1835619_640_24c959bc.svg,processed
039_barn-owl-2988291_640_e3fff983.svg,processed
041_owl-3184032_640_f3b441eb.svg,processed
042_bird-341898_640_8ce5550a.svg,processed
043_peafowl-816981_640_29b9e2af.svg,processed
044_owl-1845060_640_9fb49562.svg,processed
045_seagulls-815304_640_32c63b89.svg,processed
046_cardinal-1884283_640_154dc330.svg,processed
047_winter-843578_640_c1bb05cd.svg,processed
050_sparrows-3434123_640_0939bd1e.svg,processed
052_peacock-feathers-3013486_640_f62374a2.svg,processed
053_seagull-3465550_640_c7f5123d.svg,processed
054_hummingbird-5255827_640_8f5d19d5.svg,processed
055_gull-192909_640_a14287fb.svg,processed
056_chaffinch-1420407_640_ecdde11e.svg,processed
057_beach-832346_640_f3938c46.svg,processed
058_eagle-1072696_640_4c5714f1.svg,processed
059_bird-3743094_640_fad07673.svg,processed
062_bird-4051412_640_3458f562.svg,processed
063_peacock-3617474_640_b7a7a0b9.svg,processed
065_eagle-1753002_640_cd1f38ee.svg,processed
066_bird-2823767_640_ef98dd4a.svg,processed
067_plumage-176723_640_3c920904.svg,processed
069_halcyon-1352522_640_7250988c.svg,processed
071_rooster-1867562_640_f110bc4b.svg,processed
072_parrots-3427188_640_5d1d685c.svg,processed
074_swan-122983_640_392adfe2.svg,processed
076_duckling-3524213_640_4b5a0b91.svg,processed
080_victoria-crowned-pigeon-4486154_640_07d579b8.svg,processed
081_eagle-2045655_640_d71a68d1.svg,processed
082_kingfisher-1850226_640_1670dfd5.svg,processed
083_hummingbird-5111260_640_62b632fd.svg,processed
085_gulls-370012_640_e6f3d17d.svg,processed
087_owl-3649048_640_7c54ebb7.svg,processed
089_robin-8446944_640_65b76a3c.svg,processed
090_bird-3183441_640_f938e9c0.svg,processed
091_birds-4551002_640_e3d7fb52.svg,processed
092_peafowl-2363750_640_78390dbd.svg,processed
098_dove-2516641_1280_0bcaa9bb.svg,processed
101_kingfisher-881594_1280_67a7624b.svg,processed
104_kingfisher-1068684_1280_1f1009a5.svg,processed
105_bird-349026_1280_19b89e7b.svg,processed
106_bird-3732867_1280_c930ad6f.svg,processed
107_barn-owl-2988291_1280_d2489af0.svg,processed
108_kingfisher-881975_1280_51e68d5f.svg,processed
109_cardinal-1884283_1280_e68f7760.svg,processed
111_beach-832346_1280_d92a9c82.svg,processed
112_peacock-90051_1280_9944d9ce.svg,processed
113_sparrows-3434123_1280_1153fe7d.svg,processed
114_swan-3466606_1280_eead144e.svg,processed
116_flamingo-600205_1280_a9792f69.svg,processed
117_plumage-176723_1280_bf24cd5c.svg,processed
118_victoria-crowned-pigeon-4486154_1280_374757da.svg,processed
119_bird-386725_1280_096bbbbf.svg,processed
120_bird-1905255_1280_e92fd4f2.svg,processed
121_parrot-3601194_1280_c039abd8.svg,processed
122_hummingbird-1854225_1280_bbb9472b.svg,processed
123_swan-2350668_1280_9b0b626c.svg,processed
124_hummingbird-1823829_1280_b95d2eb1.svg,processed
125_owl-3649048_1280_347c4d27.svg,processed
126_kingfisher-2046453_1280_d99444fe.svg,processed
127_bird-341898_1280_5093f91e.svg,processed
128_white-tailed-eagle-2015098_1280_f5e7b48c.svg,processed
130_seagulls-815304_1280_9a232bc2.svg,processed
131_hummingbird-5255827_1280_f16381c1.svg,processed
132_chaffinch-1420407_1280_59c7763a.svg,processed
133_peacock-3080897_1280_16b49256.svg,processed
136_halcyon-1352522_1280_5bcf4777.svg,processed
137_eagle-2045655_1280_ef6c265a.svg,processed
138_bird-3743094_1280_45fff20d.svg,processed
139_rooster-1867562_1280_6748cedd.svg,processed
140_birds-4551002_1280_39195cfc.svg,processed
141_swan-2077219_1280_b8a11dc4.svg,processed
142_barn-owl-2550068_1280_8b2ac794.svg,processed
143_spring-bird-2295434_1280_5745d8bd.svg,processed
144_bird-1045954_1280_10ee2f65.svg,processed
145_owl-1576572_1280_5314b6d6.svg,processed
146_owl-1834152_1280_f1cc12fc.svg,processed
148_robin-8446944_1280_34b64a3c.svg,processed
149_bird-9950_1280_2fc0abdc.svg,processed
150_grey-crowned-cranes-540657_1280_d7a9c492.svg,processed
152_kingfisher-3159334_1280_8ed66f6c.svg,processed
154_peafowl-816981_1280_dd16ac21.svg,processed
156_bald-eagle-2715461_1280_2bfa796e.svg,processed
157_peafowl-2363750_1280_f11bcefd.svg,processed
158_bird-3183441_1280_ddddf598.svg,processed
159_peacock-3617474_1280_baeba69d.svg,processed
160_eagle-1072696_1280_722be63d.svg,processed
161_red-kite-50498_1280_7601e161.svg,processed
162_duckling-3524213_1280_1b2c2423.svg,processed
163_bird-4051412_1280_7d6878e3.svg,processed
164_parrots-3427188_1280_53fd9b00.svg,processed
165_bird-2823767_1280_c59dab01.svg,processed
166_parrot-2756488_1280_b68d620e.svg,processed
167_beach-1852945_1280_294abfee.svg,processed
168_hummingbird-2139279_1280_c90c7630.svg,processed
169_bird-2295431_1280_63120f2b.svg,processed
170_flowers-1835619_1280_edb336a9.svg,processed
171_jay-548381_1280_4f2f5e2d.svg,processed
172_swan-2107052_1280_e27dba4b.svg,processed
173_swan-4013225_1280_81abd335.svg,processed
176_eagle-1753002_1280_10ac3f83.svg,processed
179_owl-3184032_1280_da06ec12.svg,processed
180_owl-1845060_1280_d7b1d2c9.svg,processed
181_peacock-feathers-3013486_1280_df739e93.svg,processed
182_swan-122983_1280_b2917995.svg,processed
184_kingfisher-1850226_1280_84b91abc.svg,processed
185_hummingbird-5111260_1280_dd36a666.svg,processed
186_gulls-370012_1280_f855236c.svg,processed
