input_file,output_file,status,timestamp,resolution
006_bird-1905255_640_512.svg,006_bird-1905255_640_512.png,success,2025-05-29T20:55:12.231252,512x512
009_swan-16736_640_512.svg,009_swan-16736_640_512.png,success,2025-05-29T20:55:41.818284,512x512
004_kingfisher-2046453_640_512.svg,004_kingfisher-2046453_640_512.png,success,2025-05-29T20:55:53.420535,512x512
003_parrot-3601194_640_512.svg,003_parrot-3601194_640_512.png,success,2025-05-29T20:55:58.267524,512x512
005_bird-1045954_640_512.svg,005_bird-1045954_640_512.png,success,2025-05-29T20:56:06.739876,512x512
007_bird-2295436_640_512.svg,007_bird-2295436_640_512.png,success,2025-05-29T20:56:16.531179,512x512
002_hummingbird-1854225_640_512.svg,002_hummingbird-1854225_640_512.png,success,2025-05-29T20:56:25.455118,512x512
001_owl-50267_1280_512.svg,001_owl-50267_1280_512.png,success,2025-05-29T20:57:02.214505,512x512
011_swan-2350668_640_512.svg,011_swan-2350668_640_512.png,success,2025-05-29T21:00:08.797642,512x512
012_spring-bird-2295434_640_512.svg,012_spring-bird-2295434_640_512.png,success,2025-05-29T21:00:27.194578,512x512
014_bird-9950_640_512.svg,014_bird-9950_640_512.png,success,2025-05-29T21:00:39.290084,512x512
017_hummingbird-2139279_640_512.svg,017_hummingbird-2139279_640_512.png,success,2025-05-29T21:00:51.510444,512x512
013_swan-2077219_640_512.svg,013_swan-2077219_640_512.png,success,2025-05-29T21:01:06.827744,512x512
015_owl-1834152_640_512.svg,015_owl-1834152_640_512.png,success,2025-05-29T21:01:21.676285,512x512
016_bird-2295431_640_512.svg,016_bird-2295431_640_512.png,success,2025-05-29T21:01:29.432973,512x512
018_jay-548381_640_512.svg,018_jay-548381_640_512.png,success,2025-05-29T21:02:07.832508,512x512
020_beach-1852945_640_512.svg,020_beach-1852945_640_512.png,success,2025-05-29T21:05:14.438905,512x512
019_parrot-2756488_640_512.svg,019_parrot-2756488_640_512.png,success,2025-05-29T21:05:34.600238,512x512
022_hummingbird-1823829_640_512.svg,022_hummingbird-1823829_640_512.png,success,2025-05-29T21:05:55.116660,512x512
024_owl-1576572_640_512.svg,024_owl-1576572_640_512.png,success,2025-05-29T21:06:05.287967,512x512
026_bird-349026_640_512.svg,026_bird-349026_640_512.png,success,2025-05-29T21:06:24.170000,512x512
029_kingfisher-3159334_640_512.svg,029_kingfisher-3159334_640_512.png,success,2025-05-29T21:07:02.824254,512x512
023_kingfisher-1068684_640_512.svg,023_kingfisher-1068684_640_512.png,success,2025-05-29T21:07:57.645456,512x512
027_bird-386725_640_512.svg,027_bird-386725_640_512.png,success,2025-05-29T21:08:19.494199,512x512
030_kingfisher-2363879_640_512.svg,030_kingfisher-2363879_640_512.png,success,2025-05-29T21:10:01.546764,512x512
032_grey-crowned-cranes-540657_640_512.svg,032_grey-crowned-cranes-540657_640_512.png,success,2025-05-29T21:10:53.702795,512x512
031_swan-4013225_640_512.svg,031_swan-4013225_640_512.png,success,2025-05-29T21:11:25.420366,512x512
037_bird-3732867_640_512.svg,037_bird-3732867_640_512.png,success,2025-05-29T21:11:34.428215,512x512
036_bald-eagle-2715461_640_512.svg,036_bald-eagle-2715461_640_512.png,success,2025-05-29T21:11:52.150620,512x512
038_flowers-1835619_640_512.svg,038_flowers-1835619_640_512.png,success,2025-05-29T21:12:11.460996,512x512
039_barn-owl-2988291_640_512.svg,039_barn-owl-2988291_640_512.png,success,2025-05-29T21:12:52.458381,512x512
041_owl-3184032_640_512.svg,041_owl-3184032_640_512.png,success,2025-05-29T21:13:54.577983,512x512
042_bird-341898_640_512.svg,042_bird-341898_640_512.png,success,2025-05-29T21:14:59.879441,512x512
043_peafowl-816981_640_512.svg,043_peafowl-816981_640_512.png,success,2025-05-29T21:16:01.011588,512x512
045_seagulls-815304_640_512.svg,045_seagulls-815304_640_512.png,success,2025-05-29T21:16:40.577192,512x512
044_owl-1845060_640_512.svg,044_owl-1845060_640_512.png,success,2025-05-29T21:16:49.812418,512x512
046_cardinal-1884283_640_512.svg,046_cardinal-1884283_640_512.png,success,2025-05-29T21:16:56.407987,512x512
047_winter-843578_640_512.svg,047_winter-843578_640_512.png,success,2025-05-29T21:17:28.972123,512x512
050_sparrows-3434123_640_512.svg,050_sparrows-3434123_640_512.png,success,2025-05-29T21:17:46.600703,512x512
052_peacock-feathers-3013486_640_512.svg,052_peacock-feathers-3013486_640_512.png,success,2025-05-29T21:19:00.468094,512x512
053_seagull-3465550_640_512.svg,053_seagull-3465550_640_512.png,success,2025-05-29T21:19:52.452740,512x512
054_hummingbird-5255827_640_512.svg,054_hummingbird-5255827_640_512.png,success,2025-05-29T21:20:51.426164,512x512
055_gull-192909_640_512.svg,055_gull-192909_640_512.png,success,2025-05-29T21:21:44.392701,512x512
057_beach-832346_640_512.svg,057_beach-832346_640_512.png,success,2025-05-29T21:21:52.183432,512x512
056_chaffinch-1420407_640_512.svg,056_chaffinch-1420407_640_512.png,success,2025-05-29T21:22:11.066143,512x512
059_bird-3743094_640_512.svg,059_bird-3743094_640_512.png,success,2025-05-29T21:22:25.578149,512x512
058_eagle-1072696_640_512.svg,058_eagle-1072696_640_512.png,success,2025-05-29T21:22:47.765752,512x512
062_bird-4051412_640_512.svg,062_bird-4051412_640_512.png,success,2025-05-29T21:24:09.128011,512x512
063_peacock-3617474_640_512.svg,063_peacock-3617474_640_512.png,success,2025-05-29T21:24:42.383594,512x512
065_eagle-1753002_640_512.svg,065_eagle-1753002_640_512.png,success,2025-05-29T21:25:54.030417,512x512
066_bird-2823767_640_512.svg,066_bird-2823767_640_512.png,success,2025-05-29T21:26:48.434445,512x512
071_rooster-1867562_640_512.svg,071_rooster-1867562_640_512.png,success,2025-05-29T21:27:01.920590,512x512
067_plumage-176723_640_512.svg,067_plumage-176723_640_512.png,success,2025-05-29T21:27:15.973516,512x512
069_halcyon-1352522_640_512.svg,069_halcyon-1352522_640_512.png,success,2025-05-29T21:27:32.733099,512x512
072_parrots-3427188_640_512.svg,072_parrots-3427188_640_512.png,success,2025-05-29T21:27:51.747483,512x512
074_swan-122983_640_512.svg,074_swan-122983_640_512.png,success,2025-05-29T21:29:19.412243,512x512
076_duckling-3524213_640_512.svg,076_duckling-3524213_640_512.png,success,2025-05-29T21:29:32.213549,512x512
080_victoria-crowned-pigeon-4486154_640_512.svg,080_victoria-crowned-pigeon-4486154_640_512.png,success,2025-05-29T21:31:15.421066,512x512
082_kingfisher-1850226_640_512.svg,082_kingfisher-1850226_640_512.png,success,2025-05-29T21:31:58.325880,512x512
085_gulls-370012_640_512.svg,085_gulls-370012_640_512.png,success,2025-05-29T21:32:35.652291,512x512
087_owl-3649048_640_512.svg,087_owl-3649048_640_512.png,success,2025-05-29T21:32:43.232009,512x512
083_hummingbird-5111260_640_512.svg,083_hummingbird-5111260_640_512.png,success,2025-05-29T21:33:13.781394,512x512
081_eagle-2045655_640_512.svg,081_eagle-2045655_640_512.png,success,2025-05-29T21:33:27.079142,512x512
090_bird-3183441_640_512.svg,090_bird-3183441_640_512.png,success,2025-05-29T21:34:14.416351,512x512
089_robin-8446944_640_512.svg,089_robin-8446944_640_512.png,success,2025-05-29T21:34:23.586518,512x512
091_birds-4551002_640_512.svg,091_birds-4551002_640_512.png,success,2025-05-29T21:36:10.860274,512x512
092_peafowl-2363750_640_512.svg,092_peafowl-2363750_640_512.png,success,2025-05-29T21:36:39.535143,512x512
098_dove-2516641_1280_512.svg,098_dove-2516641_1280_512.png,success,2025-05-29T21:36:57.615572,512x512
101_kingfisher-881594_1280_512.svg,101_kingfisher-881594_1280_512.png,success,2025-05-29T21:37:03.032316,512x512
105_bird-349026_1280_512.svg,105_bird-349026_1280_512.png,success,2025-05-29T21:38:23.339305,512x512
106_bird-3732867_1280_512.svg,106_bird-3732867_1280_512.png,success,2025-05-29T21:38:54.033911,512x512
107_barn-owl-2988291_1280_512.svg,107_barn-owl-2988291_1280_512.png,success,2025-05-29T21:39:24.153277,512x512
108_kingfisher-881975_1280_512.svg,108_kingfisher-881975_1280_512.png,success,2025-05-29T21:40:24.270243,512x512
104_kingfisher-1068684_1280_512.svg,104_kingfisher-1068684_1280_512.png,success,2025-05-29T21:40:40.913637,512x512
112_peacock-90051_1280_512.svg,112_peacock-90051_1280_512.png,success,2025-05-29T21:41:17.952771,512x512
109_cardinal-1884283_1280_512.svg,109_cardinal-1884283_1280_512.png,success,2025-05-29T21:41:42.921997,512x512
111_beach-832346_1280_512.svg,111_beach-832346_1280_512.png,success,2025-05-29T21:42:19.471416,512x512
116_flamingo-600205_1280_512.svg,116_flamingo-600205_1280_512.png,success,2025-05-29T21:43:19.018778,512x512
114_swan-3466606_1280_512.svg,114_swan-3466606_1280_512.png,success,2025-05-29T21:43:33.808259,512x512
113_sparrows-3434123_1280_512.svg,113_sparrows-3434123_1280_512.png,success,2025-05-29T21:43:52.335053,512x512
117_plumage-176723_1280_512.svg,117_plumage-176723_1280_512.png,success,2025-05-29T21:45:56.073682,512x512
118_victoria-crowned-pigeon-4486154_1280_512.svg,118_victoria-crowned-pigeon-4486154_1280_512.png,success,2025-05-29T21:46:10.122974,512x512
120_bird-1905255_1280_512.svg,120_bird-1905255_1280_512.png,success,2025-05-29T21:46:31.848139,512x512
121_parrot-3601194_1280_512.svg,121_parrot-3601194_1280_512.png,success,2025-05-29T21:47:32.038516,512x512
123_swan-2350668_1280_512.svg,123_swan-2350668_1280_512.png,success,2025-05-29T21:47:53.044552,512x512
119_bird-386725_1280_512.svg,119_bird-386725_1280_512.png,success,2025-05-29T21:48:11.648733,512x512
122_hummingbird-1854225_1280_512.svg,122_hummingbird-1854225_1280_512.png,success,2025-05-29T21:48:50.352581,512x512
124_hummingbird-1823829_1280_512.svg,124_hummingbird-1823829_1280_512.png,success,2025-05-29T21:49:06.088996,512x512
125_owl-3649048_1280_512.svg,125_owl-3649048_1280_512.png,success,2025-05-29T21:50:50.175237,512x512
126_kingfisher-2046453_1280_512.svg,126_kingfisher-2046453_1280_512.png,success,2025-05-29T21:51:06.547814,512x512
127_bird-341898_1280_512.svg,127_bird-341898_1280_512.png,success,2025-05-29T21:51:16.905096,512x512
128_white-tailed-eagle-2015098_1280_512.svg,128_white-tailed-eagle-2015098_1280_512.png,success,2025-05-29T21:52:18.716356,512x512
130_seagulls-815304_1280_512.svg,130_seagulls-815304_1280_512.png,success,2025-05-29T21:52:42.852643,512x512
131_hummingbird-5255827_1280_512.svg,131_hummingbird-5255827_1280_512.png,success,2025-05-29T21:53:05.331386,512x512
133_peacock-3080897_1280_512.svg,133_peacock-3080897_1280_512.png,success,2025-05-29T21:53:18.645654,512x512
132_chaffinch-1420407_1280_512.svg,132_chaffinch-1420407_1280_512.png,success,2025-05-29T21:53:58.736523,512x512
136_halcyon-1352522_1280_512.svg,136_halcyon-1352522_1280_512.png,success,2025-05-29T21:55:55.141499,512x512
138_bird-3743094_1280_512.svg,138_bird-3743094_1280_512.png,success,2025-05-29T21:56:01.916286,512x512
142_barn-owl-2550068_1280_512.svg,142_barn-owl-2550068_1280_512.png,success,2025-05-29T21:57:23.633077,512x512
140_birds-4551002_1280_512.svg,140_birds-4551002_1280_512.png,success,2025-05-29T21:57:32.680591,512x512
139_rooster-1867562_1280_512.svg,139_rooster-1867562_1280_512.png,success,2025-05-29T21:57:39.204298,512x512
137_eagle-2045655_1280_512.svg,137_eagle-2045655_1280_512.png,success,2025-05-29T21:57:45.654569,512x512
141_swan-2077219_1280_512.svg,141_swan-2077219_1280_512.png,success,2025-05-29T21:58:09.199082,512x512
143_spring-bird-2295434_1280_512.svg,143_spring-bird-2295434_1280_512.png,success,2025-05-29T21:59:00.188000,512x512
145_owl-1576572_1280_512.svg,145_owl-1576572_1280_512.png,success,2025-05-29T22:00:52.626897,512x512
144_bird-1045954_1280_512.svg,144_bird-1045954_1280_512.png,success,2025-05-29T22:01:03.578731,512x512
148_robin-8446944_1280_512.svg,148_robin-8446944_1280_512.png,success,2025-05-29T22:02:19.777136,512x512
149_bird-9950_1280_512.svg,149_bird-9950_1280_512.png,success,2025-05-29T22:02:35.886417,512x512
146_owl-1834152_1280_512.svg,146_owl-1834152_1280_512.png,success,2025-05-29T22:02:40.030301,512x512
150_grey-crowned-cranes-540657_1280_512.svg,150_grey-crowned-cranes-540657_1280_512.png,success,2025-05-29T22:02:49.456590,512x512
152_kingfisher-3159334_1280_512.svg,152_kingfisher-3159334_1280_512.png,success,2025-05-29T22:03:10.247068,512x512
154_peafowl-816981_1280_512.svg,154_peafowl-816981_1280_512.png,success,2025-05-29T22:04:04.830284,512x512
157_peafowl-2363750_1280_512.svg,157_peafowl-2363750_1280_512.png,success,2025-05-29T22:05:57.284797,512x512
156_bald-eagle-2715461_1280_512.svg,156_bald-eagle-2715461_1280_512.png,success,2025-05-29T22:06:17.422484,512x512
161_red-kite-50498_1280_512.svg,161_red-kite-50498_1280_512.png,success,2025-05-29T22:06:34.595438,512x512
158_bird-3183441_1280_512.svg,158_bird-3183441_1280_512.png,success,2025-05-29T22:07:17.962167,512x512
159_peacock-3617474_1280_512.svg,159_peacock-3617474_1280_512.png,success,2025-05-29T22:07:54.046782,512x512
160_eagle-1072696_1280_512.svg,160_eagle-1072696_1280_512.png,success,2025-05-29T22:08:06.250480,512x512
162_duckling-3524213_1280_512.svg,162_duckling-3524213_1280_512.png,success,2025-05-29T22:08:12.563581,512x512
163_bird-4051412_1280_512.svg,163_bird-4051412_1280_512.png,success,2025-05-29T22:09:07.508394,512x512
164_parrots-3427188_1280_512.svg,164_parrots-3427188_1280_512.png,success,2025-05-29T22:10:59.950231,512x512
165_bird-2823767_1280_512.svg,165_bird-2823767_1280_512.png,success,2025-05-29T22:11:12.943786,512x512
166_parrot-2756488_1280_512.svg,166_parrot-2756488_1280_512.png,success,2025-05-29T22:11:35.858245,512x512
167_beach-1852945_1280_512.svg,167_beach-1852945_1280_512.png,success,2025-05-29T22:12:13.905195,512x512
170_flowers-1835619_1280_512.svg,170_flowers-1835619_1280_512.png,success,2025-05-29T22:13:06.574825,512x512
168_hummingbird-2139279_1280_512.svg,168_hummingbird-2139279_1280_512.png,success,2025-05-29T22:13:13.596067,512x512
169_bird-2295431_1280_512.svg,169_bird-2295431_1280_512.png,success,2025-05-29T22:13:20.036496,512x512
171_jay-548381_1280_512.svg,171_jay-548381_1280_512.png,success,2025-05-29T22:14:12.007540,512x512
172_swan-2107052_1280_512.svg,172_swan-2107052_1280_512.png,success,2025-05-29T22:15:22.905522,512x512
173_swan-4013225_1280_512.svg,173_swan-4013225_1280_512.png,success,2025-05-29T22:16:26.456904,512x512
176_eagle-1753002_1280_512.svg,176_eagle-1753002_1280_512.png,success,2025-05-29T22:16:39.809329,512x512
179_owl-3184032_1280_512.svg,179_owl-3184032_1280_512.png,success,2025-05-29T22:17:29.575007,512x512
180_owl-1845060_1280_512.svg,180_owl-1845060_1280_512.png,success,2025-05-29T22:17:49.220753,512x512
182_swan-122983_1280_512.svg,182_swan-122983_1280_512.png,success,2025-05-29T22:17:58.310816,512x512
181_peacock-feathers-3013486_1280_512.svg,181_peacock-feathers-3013486_1280_512.png,success,2025-05-29T22:18:02.589370,512x512
184_kingfisher-1850226_1280_512.svg,184_kingfisher-1850226_1280_512.png,success,2025-05-29T22:18:23.767857,512x512
185_hummingbird-5111260_1280_512.svg,185_hummingbird-5111260_1280_512.png,success,2025-05-29T22:18:40.140808,512x512
186_gulls-370012_1280_512.svg,186_gulls-370012_1280_512.png,success,2025-05-29T22:18:40.659348,512x512
