filename,original_resolution,file_size_kb,format,has_alpha,processing_mode,target_size
001_owl-50267_1280_256.png,256x256,101.82,PNG,True,GPU,256
006_bird-1905255_640_256.png,256x256,69.0,PNG,True,GPU,256
003_parrot-3601194_640_256.png,256x256,63.22,PNG,True,GPU,256
002_hummingbird-1854225_640_256.png,256x256,62.96,PNG,True,GPU,256
004_kingfisher-2046453_640_256.png,256x256,59.07,PNG,True,GPU,256
005_bird-1045954_640_256.png,256x256,63.63,PNG,True,GPU,256
007_bird-2295436_640_256.png,256x256,77.15,PNG,True,GPU,256
009_swan-16736_640_256.png,256x256,74.89,PNG,True,GPU,256
011_swan-2350668_640_256.png,256x256,77.84,PNG,True,GPU,256
012_spring-bird-2295434_640_256.png,256x256,91.87,PNG,True,GPU,256
013_swan-2077219_640_256.png,256x256,97.13,PNG,True,GPU,256
014_bird-9950_640_256.png,256x256,71.12,PNG,True,GPU,256
015_owl-1834152_640_256.png,256x256,61.85,PNG,True,GPU,256
016_bird-2295431_640_256.png,256x256,96.59,PNG,True,GPU,256
017_hummingbird-2139279_640_256.png,256x256,43.65,PNG,True,GPU,256
018_jay-548381_640_256.png,256x256,65.53,PNG,True,GPU,256
019_parrot-2756488_640_256.png,256x256,91.71,PNG,True,GPU,256
020_beach-1852945_640_256.png,256x256,78.54,PNG,True,GPU,256
022_hummingbird-1823829_640_256.png,256x256,69.02,PNG,True,GPU,256
023_kingfisher-1068684_640_256.png,256x256,125.71,PNG,True,GPU,256
024_owl-1576572_640_256.png,256x256,111.36,PNG,True,GPU,256
026_bird-349026_640_256.png,256x256,82.25,PNG,True,GPU,256
027_bird-386725_640_256.png,256x256,111.09,PNG,True,GPU,256
029_kingfisher-3159334_640_256.png,256x256,108.05,PNG,True,GPU,256
030_kingfisher-2363879_640_256.png,256x256,50.94,PNG,True,GPU,256
031_swan-4013225_640_256.png,256x256,65.83,PNG,True,GPU,256
032_grey-crowned-cranes-540657_640_256.png,256x256,83.92,PNG,True,GPU,256
036_bald-eagle-2715461_640_256.png,256x256,38.16,PNG,True,GPU,256
037_bird-3732867_640_256.png,256x256,91.6,PNG,True,GPU,256
038_flowers-1835619_640_256.png,256x256,76.16,PNG,True,GPU,256
039_barn-owl-2988291_640_256.png,256x256,44.6,PNG,True,GPU,256
041_owl-3184032_640_256.png,256x256,93.41,PNG,True,GPU,256
042_bird-341898_640_256.png,256x256,54.42,PNG,True,GPU,256
043_peafowl-816981_640_256.png,256x256,72.78,PNG,True,GPU,256
044_owl-1845060_640_256.png,256x256,84.84,PNG,True,GPU,256
046_cardinal-1884283_640_256.png,256x256,79.92,PNG,True,GPU,256
045_seagulls-815304_640_256.png,256x256,66.47,PNG,True,GPU,256
047_winter-843578_640_256.png,256x256,74.2,PNG,True,GPU,256
050_sparrows-3434123_640_256.png,256x256,77.95,PNG,True,GPU,256
052_peacock-feathers-3013486_640_256.png,256x256,127.45,PNG,True,GPU,256
053_seagull-3465550_640_256.png,256x256,33.94,PNG,True,GPU,256
054_hummingbird-5255827_640_256.png,256x256,47.22,PNG,True,GPU,256
055_gull-192909_640_256.png,256x256,55.65,PNG,True,GPU,256
056_chaffinch-1420407_640_256.png,256x256,75.49,PNG,True,GPU,256
057_beach-832346_640_256.png,256x256,68.83,PNG,True,GPU,256
058_eagle-1072696_640_256.png,256x256,64.48,PNG,True,GPU,256
059_bird-3743094_640_256.png,256x256,62.78,PNG,True,GPU,256
062_bird-4051412_640_256.png,256x256,70.69,PNG,True,GPU,256
063_peacock-3617474_640_256.png,256x256,128.04,PNG,True,GPU,256
065_eagle-1753002_640_256.png,256x256,47.69,PNG,True,GPU,256
066_bird-2823767_640_256.png,256x256,99.17,PNG,True,GPU,256
067_plumage-176723_640_256.png,256x256,115.89,PNG,True,GPU,256
071_rooster-1867562_640_256.png,256x256,90.7,PNG,True,GPU,256
069_halcyon-1352522_640_256.png,256x256,32.88,PNG,True,GPU,256
072_parrots-3427188_640_256.png,256x256,89.62,PNG,True,GPU,256
074_swan-122983_640_256.png,256x256,41.44,PNG,True,GPU,256
076_duckling-3524213_640_256.png,256x256,79.3,PNG,True,GPU,256
080_victoria-crowned-pigeon-4486154_640_256.png,256x256,91.78,PNG,True,GPU,256
081_eagle-2045655_640_256.png,256x256,97.39,PNG,True,GPU,256
082_kingfisher-1850226_640_256.png,256x256,49.82,PNG,True,GPU,256
083_hummingbird-5111260_640_256.png,256x256,80.96,PNG,True,GPU,256
085_gulls-370012_640_256.png,256x256,62.13,PNG,True,GPU,256
087_owl-3649048_640_256.png,256x256,77.69,PNG,True,GPU,256
090_bird-3183441_640_256.png,256x256,67.96,PNG,True,GPU,256
089_robin-8446944_640_256.png,256x256,59.38,PNG,True,GPU,256
091_birds-4551002_640_256.png,256x256,61.33,PNG,True,GPU,256
092_peafowl-2363750_640_256.png,256x256,120.55,PNG,True,GPU,256
098_dove-2516641_1280_256.png,256x256,51.49,PNG,True,GPU,256
101_kingfisher-881594_1280_256.png,256x256,48.75,PNG,True,GPU,256
104_kingfisher-1068684_1280_256.png,256x256,126.83,PNG,True,GPU,256
105_bird-349026_1280_256.png,256x256,85.86,PNG,True,GPU,256
106_bird-3732867_1280_256.png,256x256,93.46,PNG,True,GPU,256
108_kingfisher-881975_1280_256.png,256x256,49.32,PNG,True,GPU,256
107_barn-owl-2988291_1280_256.png,256x256,44.81,PNG,True,GPU,256
109_cardinal-1884283_1280_256.png,256x256,79.51,PNG,True,GPU,256
111_beach-832346_1280_256.png,256x256,72.69,PNG,True,GPU,256
112_peacock-90051_1280_256.png,256x256,105.18,PNG,True,GPU,256
113_sparrows-3434123_1280_256.png,256x256,77.38,PNG,True,GPU,256
114_swan-3466606_1280_256.png,256x256,37.8,PNG,True,GPU,256
116_flamingo-600205_1280_256.png,256x256,55.98,PNG,True,GPU,256
117_plumage-176723_1280_256.png,256x256,117.63,PNG,True,GPU,256
118_victoria-crowned-pigeon-4486154_1280_256.png,256x256,93.2,PNG,True,GPU,256
119_bird-386725_1280_256.png,256x256,113.29,PNG,True,GPU,256
120_bird-1905255_1280_256.png,256x256,67.48,PNG,True,GPU,256
122_hummingbird-1854225_1280_256.png,256x256,63.66,PNG,True,GPU,256
121_parrot-3601194_1280_256.png,256x256,60.43,PNG,True,GPU,256
123_swan-2350668_1280_256.png,256x256,78.18,PNG,True,GPU,256
124_hummingbird-1823829_1280_256.png,256x256,73.75,PNG,True,GPU,256
125_owl-3649048_1280_256.png,256x256,80.01,PNG,True,GPU,256
126_kingfisher-2046453_1280_256.png,256x256,60.44,PNG,True,GPU,256
127_bird-341898_1280_256.png,256x256,55.97,PNG,True,GPU,256
128_white-tailed-eagle-2015098_1280_256.png,256x256,74.26,PNG,True,GPU,256
130_seagulls-815304_1280_256.png,256x256,66.79,PNG,True,GPU,256
131_hummingbird-5255827_1280_256.png,256x256,47.73,PNG,True,GPU,256
132_chaffinch-1420407_1280_256.png,256x256,76.33,PNG,True,GPU,256
133_peacock-3080897_1280_256.png,256x256,95.27,PNG,True,GPU,256
136_halcyon-1352522_1280_256.png,256x256,35.61,PNG,True,GPU,256
137_eagle-2045655_1280_256.png,256x256,103.77,PNG,True,GPU,256
138_bird-3743094_1280_256.png,256x256,60.95,PNG,True,GPU,256
140_birds-4551002_1280_256.png,256x256,62.36,PNG,True,GPU,256
139_rooster-1867562_1280_256.png,256x256,90.77,PNG,True,GPU,256
141_swan-2077219_1280_256.png,256x256,97.1,PNG,True,GPU,256
142_barn-owl-2550068_1280_256.png,256x256,62.8,PNG,True,GPU,256
143_spring-bird-2295434_1280_256.png,256x256,88.53,PNG,True,GPU,256
144_bird-1045954_1280_256.png,256x256,66.43,PNG,True,GPU,256
145_owl-1576572_1280_256.png,256x256,115.29,PNG,True,GPU,256
146_owl-1834152_1280_256.png,256x256,62.44,PNG,True,GPU,256
148_robin-8446944_1280_256.png,256x256,63.63,PNG,True,GPU,256
149_bird-9950_1280_256.png,256x256,73.41,PNG,True,GPU,256
150_grey-crowned-cranes-540657_1280_256.png,256x256,87.36,PNG,True,GPU,256
152_kingfisher-3159334_1280_256.png,256x256,107.33,PNG,True,GPU,256
154_peafowl-816981_1280_256.png,256x256,71.85,PNG,True,GPU,256
156_bald-eagle-2715461_1280_256.png,256x256,37.66,PNG,True,GPU,256
157_peafowl-2363750_1280_256.png,256x256,121.6,PNG,True,GPU,256
158_bird-3183441_1280_256.png,256x256,69.07,PNG,True,GPU,256
159_peacock-3617474_1280_256.png,256x256,128.09,PNG,True,GPU,256
160_eagle-1072696_1280_256.png,256x256,69.47,PNG,True,GPU,256
161_red-kite-50498_1280_256.png,256x256,57.22,PNG,True,GPU,256
162_duckling-3524213_1280_256.png,256x256,78.48,PNG,True,GPU,256
163_bird-4051412_1280_256.png,256x256,75.44,PNG,True,GPU,256
164_parrots-3427188_1280_256.png,256x256,88.08,PNG,True,GPU,256
165_bird-2823767_1280_256.png,256x256,98.93,PNG,True,GPU,256
166_parrot-2756488_1280_256.png,256x256,95.35,PNG,True,GPU,256
167_beach-1852945_1280_256.png,256x256,79.89,PNG,True,GPU,256
168_hummingbird-2139279_1280_256.png,256x256,45.89,PNG,True,GPU,256
169_bird-2295431_1280_256.png,256x256,95.59,PNG,True,GPU,256
170_flowers-1835619_1280_256.png,256x256,75.84,PNG,True,GPU,256
171_jay-548381_1280_256.png,256x256,68.12,PNG,True,GPU,256
172_swan-2107052_1280_256.png,256x256,27.12,PNG,True,GPU,256
173_swan-4013225_1280_256.png,256x256,66.43,PNG,True,GPU,256
176_eagle-1753002_1280_256.png,256x256,50.67,PNG,True,GPU,256
179_owl-3184032_1280_256.png,256x256,94.17,PNG,True,GPU,256
180_owl-1845060_1280_256.png,256x256,84.8,PNG,True,GPU,256
181_peacock-feathers-3013486_1280_256.png,256x256,127.61,PNG,True,GPU,256
182_swan-122983_1280_256.png,256x256,43.15,PNG,True,GPU,256
184_kingfisher-1850226_1280_256.png,256x256,59.94,PNG,True,GPU,256
185_hummingbird-5111260_1280_256.png,256x256,87.42,PNG,True,GPU,256
186_gulls-370012_1280_256.png,256x256,61.06,PNG,True,GPU,256
